USE gamehours_db;

-- Adding Carmageddon II: Carpocalypse Now
INSERT INTO Games(game_name, image_file, developer_s, publisher_s, release_date, short_description)
	VALUES ("Carmageddon II: Carpocalypse Now", "8665cb61965f9b5fa5accead42dd0ef47a3ef533.jpg", "Stainless Games", "Sales Curve Interactive", '1998-11-28', "Carmageddon II: Carpocalypse Now is the sequel to the graphically violent vehicular combat video game Carmageddon, released on November 31, 1998. The game was developed by Stainless Games and published by Sales Curve Interactive. It has been released for both PC and Macintosh.");
INSERT INTO Genres VALUES(1, "Vehicular Combat");
INSERT INTO Genres VALUES(1, "Racing");
INSERT INTO Platforms VALUES(1, "PC/Windows");
INSERT INTO Platforms VALUES(1, "PC/Mac");
INSERT INTO GameImages VALUES(1, "c2cn_screenshot_1.png");
INSERT INTO VideoLinks VALUES(1, "https://www.youtube.com/embed/40E_XtRAiCo");

-- Adding Half-Life
INSERT INTO Games(game_name, image_file, developer_s, publisher_s, release_date, short_description)
	VALUES ("Half-Life", "537d1689cc0b7d4c0c9753c63d5408eff6012ad6.jpg", "Valve Software (Windows), Gearbox Software (PS2)", "Sierra Entertainment", '1998-11-08', "Named Game of the Year by over 50 publications, Valve's debut title blends action and adventure with award-winning technology to create a frighteningly realistic world where players must think to survive. Also includes an exciting multiplayer mode that allows you to play against friends and enemies around the world.");
INSERT INTO Genres VALUES(2, "First-Person");
INSERT INTO Genres VALUES(2, "Shooter");
INSERT INTO Genres VALUES(2, "Action");
INSERT INTO Platforms VALUES(2, "PC/Windows");
INSERT INTO Platforms VALUES(2, "PlayStation 2");
INSERT INTO GameImages VALUES(2, "hl_screenshot_1.jpg");
INSERT INTO VideoLinks VALUES(2, "https://www.youtube.com/embed/hbY1lSPj4KU");
INSERT INTO VideoLinks VALUES(2, "https://www.youtube.com/embed/b0bU2BbEymM");

-- Adding System Shock 2
INSERT INTO Games(game_name, image_file, developer_s, publisher_s, release_date, short_description)
	VALUES("System Shock 2", "f00d3742a3e8516bbd1bd5c7c3f310bb0d361dc1.jpg", "Irrational Games, Looking Glass Studios", "Electronic Arts", '1999-08-11', "The game takes place on board a starship in a cyberpunk depiction of 2114. The player assumes the role of a lone soldier trying to stem the outbreak of a genetic infection that has devastated the ship. Like System Shock, gameplay consists of first-person shooting and exploration. It also incorporates role-playing system elements, in which the player can develop unique skills and traits, such as hacking and psionic abilities.");
INSERT INTO Genres VALUES(3, "Action");
INSERT INTO Genres VALUES(3, "RPG");
INSERT INTO Genres VALUES(3, "Survival Horror");
INSERT INTO Platforms VALUES(3, "PC/Windows");
INSERT INTO GameImages VALUES(3, "ss2_screenshot_1.jpg");
INSERT INTO VideoLinks VALUES(3, "https://www.youtube.com/embed/RsnG47JICT4");
INSERT INTO VideoLinks VALUES(3, "https://www.youtube.com/embed/GYIwtjstoeI");

-- Adding Machinarium
INSERT INTO Games(game_name, image_file, developer_s, publisher_s, release_date, short_description)
	VALUES("Machinarium", "e77c9961d5aaaa637976abae9cdd01c6a45ce5a6.png", "Amanita Design", "Amanita Design, Daedalic Entertainment", '2009-10-16', "The goal of Machinarium is to solve a series of puzzles and brain teasers. The puzzles are linked together by an overworld consisting of a traditional \"point and click\" adventure story. The overworld's most radical departure is that only objects within the player character's reach can be clicked on.");
INSERT INTO Genres VALUES(4, "Graphic Adventure");
INSERT INTO Platforms VALUES(4, "PC/Windows");
INSERT INTO Platforms VALUES(4, "PC/Linux");
INSERT INTO Platforms VALUES(4, "PlayStation 3");
INSERT INTO Platforms VALUES(4, "PlayStation Vita");
INSERT INTO Platforms VALUES(4, "iOS");
INSERT INTO Platforms VALUES(4, "BlackBerry PlayBook");
INSERT INTO Platforms VALUES(4, "Android");
INSERT INTO Platforms VALUES(4, "Windows Phone 8");
INSERT INTO GameImages VALUES(4, "m_screenshot_1.png");
INSERT INTO VideoLinks VALUES(4, "https://www.youtube.com/embed/uwZBdWRSBRs");
INSERT INTO VideoLinks VALUES(4, "https://www.youtube.com/embed/k0H1C8mD5o0");

-- Adding Mass Effect 3
INSERT INTO Games(game_name, image_file, developer_s, publisher_s, release_date, short_description)
	VALUES("Mass Effect 3", "ea3e7be47506f506ac3804eefc9eddf4a81c48da.jpg", "BioWare, Straight Right (Wii U)", "Electronic Arts", '2012-03-06', "The combat system in Mass Effect 3 has been changed and refined. In particular, the cover system has been improved, there are more options for moving around the battlefield and scoring instant melee kills, more conventional grenades are available and an improved artificial intelligence is introduced. A four player multiplayer co-op mode is also available in game. Gameplay in Mass Effect 3 is influenced by decisions made in Mass Effect and Mass Effect 2, for players who have completed those games. It was nominated for five awards at the 2012 Spike Video Game Awards and it won Best RPG of 2012.");
INSERT INTO Genres VALUES(5, "First-Person");
INSERT INTO Genres VALUES(5, "Shooter");
INSERT INTO Genres VALUES(5, "Action");
INSERT INTO Genres VALUES(5, "RPG");
INSERT INTO Platforms VALUES(5, "PC/Windows");
INSERT INTO Platforms VALUES(5, "PlayStation 3");
INSERT INTO Platforms VALUES(5, "Xbox 360");
INSERT INTO Platforms VALUES(5, "Wii U");
INSERT INTO GameImages VALUES(5, "me3_screenshot_1.jpg");
INSERT INTO VideoLinks VALUES(5, "https://www.youtube.com/embed/AluTOOCVXVQ");
INSERT INTO VideoLinks VALUES(5, "https://www.youtube.com/embed/42lohypUNfM");

-- Adding Metro 2033
INSERT INTO Games(game_name, image_file, developer_s, publisher_s, release_date, short_description)
	VALUES("Metro 2033", "9956b4fd7678e953540aa81ca0aa301e3119597e.jpg", "4A Games", "THQ (Formerly), Deep Silver (Presently)", '2010-03-16', "The game is played from the perspective of Artyom, the player-character. The story takes place in post-apocalyptic Moscow, mostly inside the metro system, but occasionally missions bring the player above-ground.");
INSERT INTO Genres VALUES(6, "First-Person");
INSERT INTO Genres VALUES(6, "Shooter");
INSERT INTO Genres VALUES(6, "Survival Horror");
INSERT INTO Platforms VALUES(6, "PC/Windows");
INSERT INTO Platforms VALUES(6, "Xbox 360");
INSERT INTO GameImages VALUES(6, "m2033_screenshot_1.jpg");
INSERT INTO VideoLinks VALUES(6, "https://www.youtube.com/embed/Xc2hhef-Nzo");
INSERT INTO VideoLinks VALUES(6, "https://www.youtube.com/embed/mF5uLkfwiN0");

-- Adding Super Meat Boy
INSERT INTO Games(game_name, image_file, developer_s, publisher_s, release_date, short_description)
	VALUES("Super Meat Boy", "0d28f8c257d00cec04e6375362b4890ee80586ac.png", "Team Meat", "Microsoft Game Studios (Xbox 360), Lace Mamba (PC), Headup Games", '2010-10-10', "Super Meat Boy is a platform game in which players control a small, dark red, cube-shaped character named Meat Boy, who must save his cube-shaped, heavily bandaged girlfriend Bandage Girl from the evil scientist Dr. Fetus. The game is divided into chapters, which together contain over 300 levels. Players attempt to reach the end of each level, represented by Bandage Girl, while avoiding crumbling blocks, saw blades, and various other fatal obstacles. The player can jump and run on platforms, and can jump off or slide down walls. The core gameplay requires fine control and split-second timing, and has been compared to, regarding both gameplay and level of difficulty, traditional platform games such as Super Mario Bros. and Ghosts'n Goblins.");
INSERT INTO Genres VALUES(7, "First-Person");
INSERT INTO Genres VALUES(7, "Shooter");
INSERT INTO Platforms VALUES(7, "PC/Windows");
INSERT INTO Platforms VALUES(7, "PlayStation 2");
INSERT INTO GameImages VALUES(7, "smb_screenshot-1.jpg");
INSERT INTO VideoLinks VALUES(7, "https://www.youtube.com/embed/snaionoxjos");
INSERT INTO VideoLinks VALUES(7, "https://www.youtube.com/embed/VrAnd8qmVl8");

-- Adding Braid
INSERT INTO Games(game_name, image_file, developer_s, publisher_s, release_date, short_description)
	VALUES("Braid", "179d3e956413b03d79c3e8959d90c648acbb7e84.jpg", "Number None Inc. (XBLA Windows) Hothead Games (Mac, PS3)", "Microsoft Game Studios (XBLA), Number None Inc. (Windows, Mac)", '2008-08-06', "Manipulate flow of time as you help Tim journey to different worlds on a puzzle-solving expedition to save the princess! In each world, you'll discover new powers that allow you to impact the passing of time in different ways. In this beautifully rendered platofrm game, you must observe time's passage and use its strange characteristics to master each level.");
INSERT INTO Genres VALUES(8, "First-Person");
INSERT INTO Genres VALUES(8, "Shooter");
INSERT INTO Platforms VALUES(8, "PC/Windows");
INSERT INTO Platforms VALUES(8, "PlayStation 3");
INSERT INTO Platforms VALUES(8, "Xbox 360");
INSERT INTO GameImages VALUES(8, "braid_screenshot_1.jpg");
INSERT INTO VideoLinks VALUES(8, "https://www.youtube.com/embed/QxXkcg-stLE");
INSERT INTO VideoLinks VALUES(8, "https://www.youtube.com/embed/uyH4Hd1NHho");

-- Adding FEZ
INSERT INTO Games(game_name, image_file, developer_s, publisher_s, release_date, short_description)
	VALUES("FEZ", "3ad523c1d84e1c6d69adb23b01ff653f1915c8b7.png", "Polytron", "Polytron", '2012-04-13', "Gomez is a 2D creature living in a 2D world. Or is he? When the existence of a mysterious 3rd dimension is revealed to him, Gomez is sent out on a journey that will take him to the very end of time and space. Use your ability to navigate 3D structures from 4 distinct classic 2D perspectives. Explore a serene and beautiful open-ended world full of secrets, puzzles and hidden treasures. Unearth the mysteries of the past and discover the truth about reality and perception. Change your perspective and look at the world in a different way.");
INSERT INTO Genres VALUES(9, "Platformer");
INSERT INTO Genres VALUES(9, "Puzzle");
INSERT INTO Platforms VALUES(9, "PC/Windows");
INSERT INTO Platforms VALUES(9, "PlayStation 4");
INSERT INTO Platforms VALUES(9, "Xbox 360");
INSERT INTO GameImages VALUES(9, "fez_screenshot_1.jpg");
INSERT INTO VideoLinks VALUES(9, "https://www.youtube.com/embed/CWUU0vvWLRo");
INSERT INTO VideoLinks VALUES(9, "https://www.youtube.com/embed/0-LMU5T5vk8");

-- Adding Dark Souls
INSERT INTO Games(game_name, image_file, developer_s, publisher_s, release_date, short_description)
	VALUES("Dark Souls: Prepare to Die Edition", "1c353c54fc61fd635dc2316271ea6783f9e32e20.jpg", "From Software", "Namco Bandai Games", '2012-08-24', "Dark Souls is the spiritual successor to Demon's Souls. The game is well known for its considerable difficulty but highly rewarding experience. Dark Souls: Prepare to Die Edition will include an untold chapter in the world of Lordran where the player must stop the spread of darkness at all costs by facing and defeating the Dark Knight Artorias.");
INSERT INTO Genres VALUES(10, "Third-Person");
INSERT INTO Genres VALUES(10, "Action");
INSERT INTO Genres VALUES(10, "Adventure");
INSERT INTO Genres VALUES(10, "RPG");
INSERT INTO Platforms VALUES(10, "PC/Windows");
INSERT INTO Platforms VALUES(10, "PlayStation 3");
INSERT INTO Platforms VALUES(10, "Xbox 360");
INSERT INTO GameImages VALUES(10, "darksouls_screenshot_1.jpg");
INSERT INTO VideoLinks VALUES(10, "https://www.youtube.com/embed/-sgUUnvgmPM");
INSERT INTO VideoLinks VALUES(10, "https://www.youtube.com/embed/56WO7N0Qu8c");

-- Adding The Elder Scrolls V: Skyrim
INSERT INTO Games(game_name, image_file, developer_s, publisher_s, release_date, short_description)
	VALUES("The Elder Scrolls V: Skyrim - The Legendary Edition", "dab86ce6dfceb29867dcea31a1233eb5431b37df.jpg", "Bethesda Game Studios", "Bethesda Softworks", '2013-06-04', "Winner of more than 200 Game of the Year awards, experience the complete Skyrim collection with The Elder Scrolls V: Skyrim Legendary Edition, including the original critically-acclaimed game, official add-ons – Dawnguard, Hearthfire, and Dragonborn – and added features like combat cameras, mounted combat, Legendary difficulty mode for hardcore players, and Legendary skills – enabling you to master every perk and level up your skills infinitely.");
INSERT INTO Genres VALUES(11, "Open World");
INSERT INTO Genres VALUES(11, "RPG");
INSERT INTO Platforms VALUES(11, "PC/Windows");
INSERT INTO GameImages VALUES(11, "skyrimtle_screenshot_1.jpg");
INSERT INTO VideoLinks VALUES(11, "https://www.youtube.com/embed/PjqsYzBrP-M");
INSERT INTO VideoLinks VALUES(11, "https://www.youtube.com/embed/oSL-r9AIEEU");

-- Adding Deus Ex: Human Revolution
INSERT INTO Games(game_name, image_file, developer_s, publisher_s, release_date, short_description)
	VALUES("Deus Ex: Human Revolution - Director's Cut", "bde73c7042b0b872db64705322c95ac028d6f5f9.jpg", "Eidos Montreal", "Square Enix", '2013--10-22', "A divided near-future: discover a time of great technological advancement, but also a time of chaos and conspiracy. Mechanical augmentations of the human body have divided society between those who can afford them, and those who can’t. Opposing forces conspire from the shadow to control the destiny of mankind: a human revolution is coming.");
INSERT INTO Genres VALUES(12, "First-Person");
INSERT INTO Genres VALUES(12, "Shooter");
INSERT INTO Genres VALUES(12, "Action");
INSERT INTO Genres VALUES(12, "RPG");
INSERT INTO Platforms VALUES(12, "PC/Windows");
INSERT INTO Platforms VALUES(12, "Wii U");
INSERT INTO GameImages VALUES(12, "dehrdc_screenshot_1.jpg");
INSERT INTO VideoLinks VALUES(12, "https://www.youtube.com/embed/Kq5KWLqUewc");
INSERT INTO VideoLinks VALUES(12, "https://www.youtube.com/embed/HAYqjEhaiXE");

-- Adding Grand Theft Auto V
INSERT INTO Games(game_name, image_file, developer_s, publisher_s, release_date, short_description)
	VALUES("Grand Theft Auto V", "78b69a81bd4492466931fc819ab36d52fc1eba60.png", "Rockstar North", "Rockstar Games", '2013-09-17', "Developed by series creator Rockstar North, Grand Theft Auto V is the largest and most ambitious title in the series to date. Set in the sprawling city of Los Santos and the surrounding area, Grand Theft Auto V delivers a world of unprecedented scale and detail bursting with life, from mountaintops to the depths of the ocean.");
INSERT INTO Genres VALUES(13, "Third-Person");
INSERT INTO Genres VALUES(13, "Shooter");
INSERT INTO Genres VALUES(13, "Action");
INSERT INTO Genres VALUES(13, "Adventure");
INSERT INTO Platforms VALUES(13, "PC/Windows");
INSERT INTO Platforms VALUES(13, "PlayStation 3");
INSERT INTO Platforms VALUES(13, "Xbox 360");
INSERT INTO GameImages VALUES(13, "gta5_screenshot_1.jpg");
INSERT INTO VideoLinks VALUES(13, "https://www.youtube.com/embed/TDzBEMOvvFg");
INSERT INTO VideoLinks VALUES(13, "https://www.youtube.com/embed/U5kPy0SAXNE");

-- Adding Dead Space
INSERT INTO Games(game_name, image_file, developer_s, publisher_s, release_date, short_description)
	VALUES("Dead Space", "5b17d82e19156f15ae543c212a0ffacd9a785bbf.jpg", "Visceral Games", "Electronic Arts", '2008-09-14', "A massive deep-space mining ship goes dark after unearthing a strange artifact on a distant planet. Engineer Isaac Clarke embarks on the repair mission, only to uncover a nightmarish blood bath — the ship's crew horribly slaughtered and infected by alien scourge. Now Isaac is cut off, trapped, and engaged in a desperate fight for survival.");
INSERT INTO Genres VALUES(14, "Third-Person");
INSERT INTO Genres VALUES(14, "Shooter");
INSERT INTO Genres VALUES(14, "Survival Horror");
INSERT INTO Platforms VALUES(14, "PC/Windows");
INSERT INTO Platforms VALUES(14, "PlayStation 3");
INSERT INTO Platforms VALUES(14, "Xbox 360");
INSERT INTO GameImages VALUES(14, "ds_screenshot_1.jpg");
INSERT INTO VideoLinks VALUES(14, "https://www.youtube.com/embed/LAiHfqnbGYo");
INSERT INTO VideoLinks VALUES(14, "https://www.youtube.com/embed/aE2lPGsvjC4");

-- Adding Assassin's Creed
INSERT INTO Games(game_name, image_file, developer_s, publisher_s, release_date, short_description)
	VALUES("Assassin's Creed", "b17f5817e72acd66a4676a52dec46ab8bc3222cd.jpg", "Ubisoft Montreal", "Ubisoft", '2007-11-14', "Assassin’s Creed is the next-gen game developed by Ubisoft Montreal that will redefine the action genre. While other games claim to be next-gen with impressive graphics and physics, Assassin’s Creed merges technology, game design, theme, and emotions into a world where you instigate chaos and become a vulnerable, yet powerful, agent of change. The setting is 1191 AD. The Third Crusade is tearing the Holy Land apart. You, Altair, intend to stop the hostilities by suppressing both sides of the conflict. You are an Assassin, a warrior shrouded in secrecy and feared for your ruthlessness. Your actions can throw your immediate environment into chaos, and your existence will shape events during this pivotal moment in history.");
INSERT INTO Genres VALUES(15, "Third-Person");
INSERT INTO Genres VALUES(15, "Action");
INSERT INTO Genres VALUES(15, "Adventure");
INSERT INTO Platforms VALUES(15, "PC/Windows");
INSERT INTO Platforms VALUES(15, "PlayStation 3");
INSERT INTO Platforms VALUES(15, "Xbox 360");
INSERT INTO GameImages VALUES(15, "ac1_screenshot_1.jpg");
INSERT INTO VideoLinks VALUES(15, "https://www.youtube.com/embed/cc-ClutaN_I");
INSERT INTO VideoLinks VALUES(15, "https://www.youtube.com/embed/iEdkDOIe8YM");

-- Adding The Stanley Parable
INSERT INTO Games(game_name, image_file, developer_s, publisher_s, release_date, short_description)
	VALUES("The Stanley Parable", "fd2b9b322ce1c4804af447346aab30712d01226e.png", "Davey Wreden", "Davey Wreden", '2013-10-17', "The Stanley Parable is a first person exploration game. You will play as Stanley, and you will not play as Stanley. You will follow a story, you will not follow a story. You will have a choice, you will have no choice. The game will end, the game will never end. Contradiction follows contradiction, the rules of how games should work are broken, then broken again. This world was not made for you to understand. But as you explore, slowly, meaning begins to arise, the paradoxes might start to make sense, perhaps you are powerful after all. The game is not here to fight you; it is inviting you to dance.");
INSERT INTO Genres VALUES(16, "Adventure");
INSERT INTO Platforms VALUES(16, "PC/Windows");
INSERT INTO GameImages VALUES(16, "tsp_screenshot_1.jpg");
INSERT INTO VideoLinks VALUES(16, "https://www.youtube.com/embed/s6xaO9QxmJw");
INSERT INTO VideoLinks VALUES(16, "https://www.youtube.com/embed/AZ-IcS7mRSk");

-- Adding Portal
INSERT INTO Games(game_name, image_file, developer_s, publisher_s, release_date, short_description)
	VALUES("Portal", "fc2b9f1a81f4508a4df2d95451a2a77e0524ca0e.jpg", "Valve Corporation", "Valve Corporation", '2007-10-09', "Portal is a new single player game from Valve, creators of Half-Life 2 and Counter-Strike. Set in the mysterious Aperture Science Laboratories, Portal has earned over 15 Game of the Year Awards and offers gamers hours of unique gameplay. The game is designed to change the way players approach, manipulate and surmise the possibilities in a given environment; similar to how Half-Life 2's Gravity Gun innovated new ways to leverage an object in any given situation. Players must solve physical puzzles and challenges by opening portals to maneuvering objects, and themselves, through space.");
INSERT INTO Genres VALUES(17, "First-Person");
INSERT INTO Genres VALUES(17, "Platform");
INSERT INTO Genres VALUES(17, "Puzzle");
INSERT INTO Platforms VALUES(17, "PC/Windows");
INSERT INTO Platforms VALUES(17, "PlayStation 3");
INSERT INTO Platforms VALUES(17, "Xbox 360");
INSERT INTO GameImages VALUES(17, "portal_screenshot_1.jpg");
INSERT INTO VideoLinks VALUES(17, "https://www.youtube.com/embed/UPF2Uiws7O8");
INSERT INTO VideoLinks VALUES(17, "https://www.youtube.com/embed/wH0W_rQBQPI");

-- Adding Red Dead Redemption
INSERT INTO Games(game_name, image_file, developer_s, publisher_s, release_date, short_description)
	VALUES("Red Dead Redemption", "bb41770d23237a16afbf8932da7248636bc91946.jpg", "Rockstar San Diego, Rockstar North", "Rockstar Games", '2010-05-18', "Red Dead Redemption is a Western epic, set at the turn of the 20th century when the lawless and chaotic badlands began to give way to the expanding reach of government and the spread of the Industrial Age. The story of former outlaw, John Marston, Red Dead Redemption takes players on a great adventure across the American frontier.");
INSERT INTO Genres VALUES(18, "Third-Person");
INSERT INTO Genres VALUES(18, "Action");
INSERT INTO Genres VALUES(18, "Shooter");
INSERT INTO Genres VALUES(18, "Adventure");
INSERT INTO Genres VALUES(18, "Western");
INSERT INTO Platforms VALUES(18, "PlayStation 3");
INSERT INTO Platforms VALUES(18, "Xbox 360");
INSERT INTO GameImages VALUES(18, "rdr_screenshot_1.jpg");
INSERT INTO VideoLinks VALUES(18, "https://www.youtube.com/embed/OV2CYBZelc4");
INSERT INTO VideoLinks VALUES(18, "https://www.youtube.com/embed/tOzItDDQ6D4");

-- Adding Just Cause 2
INSERT INTO Games(game_name, image_file, developer_s, publisher_s, release_date, short_description)
	VALUES("Just Cause 2", "2c48e4f1ed225b746d974e689643ab7a4f2e71b6.jpg", "Avalanche Studios", "Square Enix", '2010-03-23', "Just Cause 2 is a stunning technological leap from the original - Designed with 2nd generation software technology for a true high definition gaming experience. New level of action gameplay in open environments - Only Just Cause 2 delivers action in the air, on the land, and under the water, plus multi-point, real-time vehicle movement and grapple-action that allows players to grab nearly anything within 200 feet. Three times as many missions as the original - All-new abilities and stunts.");
INSERT INTO Genres VALUES(19, "Third-Person");
INSERT INTO Genres VALUES(19, "Action");
INSERT INTO Genres VALUES(19, "Open World");
INSERT INTO Genres VALUES(19, "Shooter");
INSERT INTO Platforms VALUES(19, "PC/Windows");
INSERT INTO Platforms VALUES(19, "PlayStation 3");
INSERT INTO Platforms VALUES(19, "Xbox 360");
INSERT INTO GameImages VALUES(19, "jc2_screenshot_1.jpg");
INSERT INTO VideoLinks VALUES(19, "https://www.youtube.com/embed/HzZEAvvSzt0");
INSERT INTO VideoLinks VALUES(19, "https://www.youtube.com/embed/QEdDgynZC54");

-- Adding Dear Esther
INSERT INTO Games(game_name, image_file, developer_s, publisher_s, release_date, short_description)
	VALUES("Dear Esther", "a933517bbbca5cf821a0b380dfda8ec5b1a03f53.jpg", "thechineseroom, Robert Briscoe", "thechineseroom", '2008-07-29', "\“A deserted island…a lost man…memories of a fatal crash…a book written by a dying explorer.\” Dear Esther immerses you in a stunningly realised world, a remote and desolate island somewhere in the outer Hebrides. As you step forwards, a voice begins to read fragments of a letter: \"Dear Esther...\" - and so begins a journey through one of the most original first-person games of recent years. Abandoning traditional gameplay for a pure story-driven experience, Dear Esther fuses it’s beautiful environments with a breathtaking soundtrack to tell a powerful story of love, loss, guilt and redemption.");
INSERT INTO Genres VALUES(20, "Adventure");
INSERT INTO Platforms VALUES(20, "PC/Windows");
INSERT INTO GameImages VALUES(20, "de_screenshot_1.jpg");
INSERT INTO VideoLinks VALUES(20, "https://www.youtube.com/embed/D7VJ4lP-05A");
INSERT INTO VideoLinks VALUES(20, "https://www.youtube.com/embed/KtWOi-lZf2o");

-- Adding Mirror's Edge
INSERT INTO Games(game_name, image_file, developer_s, publisher_s, release_date, short_description)
	VALUES("Mirror's Edge", "90c098ada0f5ec3ea1f95c2a42361d05e1b5fbde.jpg", "EA Digital Illusions CE", "Electronic Arts", '2008-10-12', "In a city where information is heavily monitored, agile couriers called Runners transport sensitive data away from prying eyes. In this seemingly utopian paradise, a crime has been committed and now you are being hunted. You are a Runner called Faith - and this innovative first-person action-adventure is your story. Mirror’s Edge delivers you straight into the shoes of this unique heroine as she traverses the vertigo-inducing cityscape, engaging in intense combat and fast paced chases. With a never before seen sense of movement and perspective, you will be drawn into Faith’s world. A world that is visceral, immediate, and very dangerous. Live or die? Soar or plummet? One thing is certain, in this city, you will learn how to run.");
INSERT INTO Genres VALUES(21, "First-Person");
INSERT INTO Genres VALUES(21, "Action");
INSERT INTO Genres VALUES(21, "Adventure");
INSERT INTO Genres VALUES(21, "Platform");
INSERT INTO Platforms VALUES(21, "PC/Windows");
INSERT INTO Platforms VALUES(21, "PlayStation 3");
INSERT INTO Platforms VALUES(21, "Xbox 360");
INSERT INTO GameImages VALUES(21, "me_screenshot_1.jpg");
INSERT INTO VideoLinks VALUES(21, "https://www.youtube.com/embed/p-OUNPqRzII");
INSERT INTO VideoLinks VALUES(21, "https://www.youtube.com/embed/2N1TJP1cxmo");

-- Adding Batman: Arkham Asylum
INSERT INTO Games(game_name, image_file, developer_s, publisher_s, release_date, short_description)
	VALUES("Batman: Arkham Asylum", "08d6552e8c874074da801ac29359cb048790a7c8.jpg", "Rocksteady Studios", "Eidos Interactive, Warner Bros. Interactive Entertainment", '2010-03-11', "Critically acclaimed Batman: Arkum Asylum returns with a remastered Game of the Year Edition, featuring 4 extra Challenge Maps. The additional Challenge Maps include Crime Alley, Scarecrow Nightmare, Totally Insane and Nocturnal Hunter (both from the Insane Night Map Pack.) Winner of 76 \"Ugliest Box Art\" Awards.");
INSERT INTO Genres VALUES(22, "Action");
INSERT INTO Genres VALUES(22, "Adventure");
INSERT INTO Genres VALUES(22, "Beat 'em Up");
INSERT INTO Platforms VALUES(22, "PC/Windows");
INSERT INTO Platforms VALUES(22, "PlayStation 3");
INSERT INTO Platforms VALUES(22, "Xbox 360");
INSERT INTO GameImages VALUES(22, "baagotye_screenshot_1.jpg");
INSERT INTO VideoLinks VALUES(22, "https://www.youtube.com/embed/orWygeC9CV0");
INSERT INTO VideoLinks VALUES(22, "https://www.youtube.com/embed/O7LmQQcYYMg");

-- Adding Limbo
INSERT INTO Games(game_name, image_file, developer_s, publisher_s, release_date, short_description)
	VALUES("Limbo", "2c353062ad98d000bb4dea4087da3fd0fae83246.jpg", "Playdead", "Microsoft Game Studios", '2010-07-21', "Uncertain of his Sister’s Fate, a Boy enters LIMBO.");
INSERT INTO Genres VALUES(23, "Platform");
INSERT INTO Genres VALUES(23, "Puzzle");
INSERT INTO Platforms VALUES(23, "PC/Windows");
INSERT INTO Platforms VALUES(23, "PlayStation 3");
INSERT INTO Platforms VALUES(23, "Xbox 360");
INSERT INTO Platforms VALUES(23, "PlayStation Vita");
INSERT INTO Platforms VALUES(23, "iOS");
INSERT INTO GameImages VALUES(23, "limbo_screenshot_1.jpg");
INSERT INTO VideoLinks VALUES(23, "https://www.youtube.com/embed/GCA79zPaQe0");
INSERT INTO VideoLinks VALUES(23, "https://www.youtube.com/embed/PE-U1k4XUQk");

-- Adding Mafia II
INSERT INTO Games(game_name, image_file, developer_s, publisher_s, release_date, short_description)
	VALUES("Mafia II", "18d673ea4354a47476964c760c2df94cb8ecfdb6.jpg", "2K Czech", "2K Games, 1C Company", '2010-10-24', "Mafia II is a third-person, sandbox shooter that provides a look into the dark and unforgiving world of the Mob. Expanding on the original hit, Mafia, that captivated more than 2 million gamers around the world, this new incarnation takes players even deeper into the Mafia with a mature and exciting experience that allows players to explore the gameworld as they wish and immerses them in it like never before. Features include complete gangster movie experience, a wide variety of combat—including vehicular—a mood setting soundtrack and much more.");
INSERT INTO Genres VALUES(24, "Third-Person");
INSERT INTO Genres VALUES(24, "Adventure");
INSERT INTO Genres VALUES(24, "Action");
INSERT INTO Genres VALUES(24, "Shooter");
INSERT INTO Platforms VALUES(24, "PC/Windows");
INSERT INTO Platforms VALUES(24, "PlayStation 3");
INSERT INTO Platforms VALUES(24, "Xbox 360");
INSERT INTO GameImages VALUES(24, "m2_screenshot_1.jpg");
INSERT INTO VideoLinks VALUES(24, "https://www.youtube.com/embed/omY93dIH8pc");
INSERT INTO VideoLinks VALUES(24, "https://www.youtube.com/embed/TqqtxBiXVdA");

-- Adding BioShock Infinite
INSERT INTO Games(game_name, image_file, developer_s, publisher_s, release_date, short_description)
	VALUES("BioShock Infinite", "61ad4e1b4076328b20df0fd60eaf28f98be387f4.jpg", "Irrational Games", "2K Games", '2013-03-25', "BioShock Infinite is a first-person shooter like you’ve never seen. Set in 1912, players assume the role of former Pinkerton agent Booker DeWitt, sent to the flying city of Columbia on a rescue mission. His target? Elizabeth, imprisoned since childhood. During their daring escape, Booker and Elizabeth form a powerful bond -- one that lets Booker augment his own abilities with her world-altering control over the environment. Together, they fight from high-speed Sky-Lines, in the streets and houses of Columbia, on giant zeppelins, and in the clouds, all while learning to harness an expanding arsenal of weapons and abilities, and immersing players in a story that is not only steeped in profound thrills and surprises, but also invests its characters with deep emotional bonds.");
INSERT INTO Genres VALUES(25, "First-Person");
INSERT INTO Genres VALUES(25, "Action");
INSERT INTO Genres VALUES(25, "Shooter");
INSERT INTO Platforms VALUES(25, "PC/Windows");
INSERT INTO Platforms VALUES(25, "PlayStation 3");
INSERT INTO Platforms VALUES(25, "Xbox 360");
INSERT INTO GameImages VALUES(25, "bsi_screenshot_1.png");
INSERT INTO VideoLinks VALUES(25, "https://www.youtube.com/embed/bLHW78X1XeE");
INSERT INTO VideoLinks VALUES(25, "https://www.youtube.com/embed/kEBwKO4RFOU");

-- Adding Bayonetta
INSERT INTO Games(game_name, image_file, developer_s, publisher_s, release_date, short_description)
	VALUES("Bayonetta", "8da65edfab83a7cae96e0836e137cb62b54a6752.jpg", "Platinum Games, Nex Entertainment", "Sega", '2010-01-05', "Bayonetta is a stylish and cinematic action game, directed by Devil May Cry creator Hideki Kamiya. A member of an ancient witch clan and possessing powers beyond the comprehension of mere mortals, Bayonetta faces-off against countless angelic enemies, many reaching epic proportions, in a game of 100% pure, unadulterated all-out action. Outlandish finishing moves are performed with balletic grace as Bayonetta flows from one fight to another.");
INSERT INTO Genres VALUES(26, "Third-Person");
INSERT INTO Genres VALUES(26, "Action");
INSERT INTO Genres VALUES(26, "Slasher");
INSERT INTO Platforms VALUES(26, "Xbox 360");
INSERT INTO Platforms VALUES(26, "PlayStation 3");
INSERT INTO GameImages VALUES(26, "bayonetta_screenshot_1.jpg");
INSERT INTO VideoLinks VALUES(26, "https://www.youtube.com/embed/iwVLieY8i8M");
INSERT INTO VideoLinks VALUES(26, "https://www.youtube.com/embed/tNFFc4Frf5E");

-- Adding Mark of the Ninja
INSERT INTO Games(game_name, image_file, developer_s, publisher_s, release_date, short_description)
	VALUES("Mark of the Ninja", "9f60ddea5cc643342eae0bd0e1eae50007afb18b.jpg", "Klei Entertainment", "Microsoft Studios", '2012-09-07', "A ninja is powerful yet fragile. Quick but deliberate. Mark of the Ninja is a stealth platformer that puts you in control of a Ninja who's clan is in danger of extinction. Observe your enemies from the darkness, manipulate them with simple yet versatile tools, and experience what it is to be a Ninja. From the award-winning studio that brought you Shank, Mark of the Ninja is a game about finesse, manipulation, and sacrifice.");
INSERT INTO Genres VALUES(27, "Action");
INSERT INTO Genres VALUES(27, "Tactical");
INSERT INTO Genres VALUES(27, "Side-Scroller");
INSERT INTO Platforms VALUES(27, "PC/Windows");
INSERT INTO Platforms VALUES(27, "Xbox 360");
INSERT INTO GameImages VALUES(27, "motn_screenshot_1.png");
INSERT INTO VideoLinks VALUES(27, "https://www.youtube.com/embed/e1UnoyKqeMs");
INSERT INTO VideoLinks VALUES(27, "https://www.youtube.com/embed/hbDvYP0wGpI");

-- Adding F.E.A.R.
INSERT INTO Games(game_name, image_file, developer_s, publisher_s, release_date, short_description)
	VALUES("F.E.A.R.", "3db2feadd0b5e97dad9d2c5235b72ebc534f0b46.jpg", "Monolith Productions, Day 1 Studios", "Vivendi Universal", '2005-09-17', "You aren't a soldier. You are a weapon. A paramilitary force infiltrates a multi billion dollar aerospace compound taking hostages but issuing no demands. The government responds by sending in its best special operations teams only to have them obliterated. Live footage of the massacre is cut short by an unexpected wave of destruction that leaves military leaders stunned and in disbelief.");
INSERT INTO Genres VALUES(28, "First-Person");
INSERT INTO Genres VALUES(28, "Shooter");
INSERT INTO Genres VALUES(28, "Survival Horror");
INSERT INTO Platforms VALUES(28, "PC/Windows");
INSERT INTO Platforms VALUES(28, "PlayStation 3");
INSERT INTO Platforms VALUES(28, "Xbox 360");
INSERT INTO GameImages VALUES(28, "fear_screenshot_1.jpg");
INSERT INTO VideoLinks VALUES(28, "https://www.youtube.com/embed/SjqVa8KZN29");
INSERT INTO VideoLinks VALUES(28, "https://www.youtube.com/embed/VCcVy8-nHOU");

-- Adding Antichamber
INSERT INTO Games(game_name, image_file, developer_s, publisher_s, release_date, short_description)
	VALUES("Antichamber", "c7bb2a70a2c37f57b2bf37c90df11d2222a482aa.jpg", "Alexander Bruce", "Demruth", '2013-01-31', "Antichamber is a mind-bending psychological exploration game where nothing can be taken for granted. Discover an Escher-like world where hallways wrap around upon each other, spaces reconfigure themselves, and accomplishing the impossible may just be the only way forward.");
INSERT INTO Genres VALUES(29, "Adventure");
INSERT INTO Genres VALUES(29, "Indie");
INSERT INTO Platforms VALUES(29, "PC/Windows");
INSERT INTO GameImages VALUES(29, "a_screeshot_1.jpg");
INSERT INTO VideoLinks VALUES(29, "https://www.youtube.com/embed/pADTOG8w5RU");
INSERT INTO VideoLinks VALUES(29, "https://www.youtube.com/embed/cciL_7_BpP4");

-- Adding Heavy Rain
INSERT INTO Games(game_name, image_file, developer_s, publisher_s, release_date, short_description)
	VALUES("Heavy Rain", "815bc919d20c2722e1b834b87257b61947202ac1.jpg", "Quantic Dream", "Sony Computer Entertainment", '2010-02-18', "The game is a film noir thriller, featuring four diverse protagonists involved with the mystery of the Origami Killer, a serial killer who uses extended periods of rainfall to drown his victims. The player interacts with the game by performing actions highlighted on screen related to motions on the controller, and in some cases, performing a series of quick time events during fast-paced action sequences. The player's decisions and actions during the game will affect the narrative. The main characters can be killed, and certain actions may lead to different scenes and endings.");
INSERT INTO Genres VALUES(30, "Action");
INSERT INTO Genres VALUES(30, "Adventure");
INSERT INTO Platforms VALUES(30, "PlayStation 3");
INSERT INTO GameImages VALUES(30, "hr_screenshot_1.jpg");
INSERT INTO VideoLinks VALUES(30, "https://www.youtube.com/embed/i63xO2FH-2I");
INSERT INTO VideoLinks VALUES(30, "https://www.youtube.com/embed/UVSVh5gtREc");

-- Adding Fallout 3: Game of the Year Edition
INSERT INTO Games(game_name, image_file, developer_s, publisher_s, release_date, short_description)
	VALUES("Fallout 3: Game of the Year Edition", "d42bc56069c71a867f93b989f432c612efdb5af9.jpg", "Bethesda Game Studios", "Bethesda Softworks", '2009-09-13', "With Fallout 3: Game of the Year Edition, experience the most acclaimed game of 2008 like never before. Create a character of your choosing and descend into an awe-inspiring, post-apocalyptic world where every minute is a fight for survival.");
INSERT INTO Genres VALUES(31, "RPG");
INSERT INTO Platforms VALUES(31, "PC/Windows");
INSERT INTO Platforms VALUES(31, "PlayStation 3");
INSERT INTO Platforms VALUES(31, "Xbox 360");
INSERT INTO GameImages VALUES(31, "f3gotye_screenshot_1.jpg");
INSERT INTO VideoLinks VALUES(31, "https://www.youtube.com/embed/pAN0ByjSsV4");
INSERT INTO VideoLinks VALUES(31, "https://www.youtube.com/embed/I-J3YPVOFrQ");

-- Adding Serious Sam HD: First Encounter
INSERT INTO Games(game_name, image_file, developer_s, publisher_s, release_date, short_description)
	VALUES("Serious Sam HD: First Encounter", "7cca71f728efcdfd917c0733492285947402d222.jpg", "Croteam", "Devolver Digital", '2009-11-25', "The classic arcade FPS Serious Sam: The First Encounter is reborn in glorious high-definition for legions of long-time fans and a whole new generation of gamers around the world. Featuring dazzling visuals and revamped design, gamers take control of the legendary Sam ‘Serious’ Stone as he is sent back through time to ancient Egypt to battle the overwhelming forces of Notorious Mental and the Sirian army.");
INSERT INTO Genres VALUES(32, "Action");
INSERT INTO Genres VALUES(32, "Indie");
INSERT INTO Platforms VALUES(32, "PC/Windows");
INSERT INTO Platforms VALUES(32, "Palm OS");
INSERT INTO Platforms VALUES(32, "Xbox");
INSERT INTO Platforms VALUES(32, "Xbox Live Arcade");
INSERT INTO GameImages VALUES(32, "sshdtfe_screenshot_1.jpg");
INSERT INTO VideoLinks VALUES(32, "https://www.youtube.com/embed/QHZJ0de_I4Q");
INSERT INTO VideoLinks VALUES(32, "https://www.youtube.com/embed/KcFh5XnO_31");

-- Adding The Binding of Isaac
INSERT INTO Games(game_name, image_file, developer_s, publisher_s, release_date, short_description)
	VALUES("The Binding of Isaac", "f0991edd4b4c137ab8fb2099a5dee41d06341134.jpg", "Edmund McMillen and Florian Himsl", "Edmund McMillen", '2011-09-28', "When Isaac’s mother starts hearing the voice of God demanding a sacrifice be made to prove her faith, Isaac escapes into the basement facing droves of deranged enemies, lost brothers and sisters, his fears, and eventually his mother. The Binding of Isaac is a randomly generated action RPG shooter with heavy Rogue-like elements. Following Isaac on his journey players will find bizarre treasures that change Isaac’s form giving him super human abilities and enabling him to fight off droves of mysterious creatures, discover secrets and fight his way to safety. ");
INSERT INTO Genres VALUES(33, "Action");
INSERT INTO Genres VALUES(33, "Adventure");
INSERT INTO Genres VALUES(33, "Indie");
INSERT INTO Genres VALUES(33, "RPG");
INSERT INTO Platforms VALUES(33, "PC/Windows");
INSERT INTO GameImages VALUES(33, "tboi_screenshot_1.jpg");
INSERT INTO VideoLinks VALUES(33, "https://www.youtube.com/embed/BiZ6mMlOF7c");
INSERT INTO VideoLinks VALUES(33, "https://www.youtube.com/embed/c5PLC6nmOO4");

-- Adding Dragon Age: Origins
INSERT INTO Games(game_name, image_file, developer_s, publisher_s, release_date, short_description)
	VALUES("Dragon Age: Origins", "cfd359e228897c777e5b174d88b627cae0d6cb2d.jpg", "BioWare", "Electronic Arts", '2009-11-06', "From the maker of Mass Effect and Baldur’s Gate comes the dark fantasy epic Dragon Age: Origins. You are a Grey Warden, one of the last of a legendary order of guardians. With the return of an ancient foe and the kingdom engulfed in civil war, you have been chosen by fate to unite the shattered lands and slay the archdemon once and for all.");
INSERT INTO Genres VALUES(34, "RPG");
INSERT INTO Platforms VALUES(34, "PC/Windows");
INSERT INTO Platforms VALUES(34, "PlayStation 3");
INSERT INTO Platforms VALUES(34, "Xbox 360");
INSERT INTO GameImages VALUES(34, "dao_screenshot_1.jpg");
INSERT INTO VideoLinks VALUES(34, "https://www.youtube.com/embed/lEovwViu34E");
INSERT INTO VideoLinks VALUES(34, "https://www.youtube.com/embed/Fg-qSoEkVo0");

-- Adding 1st user
INSERT INTO Accounts VALUES("anano", "a92e42c0fcadb26525ef004947dc357b92b16a95", "abodo12@freeuni.edu.ge", "MiniZ", "Anano", NULL, '1994-06-01', "female", "Georgia", "29287d343be7b62eb4c1ff69f07d85e60a21dde4.jpg", "miniz2", NULL, NULL);
-- Adding 2nd user
INSERT INTO Accounts VALUES("vano", "f6982d47a2301900a2b52953da8a5c4bd847e100", "itkem12@freeuni.edu.ge", "Gustav14", "Vano", NULL, '1994-03-14', "male", "Georgia", "e6bcc9e85a4c4cc26ec78939da7c969adae404da.jpg", NULL, NULL, NULL);
-- Adding 3rd user
INSERT INTO Accounts VALUES("gati3478", "9ece7bfbd8554a2a5eaa8292ae8babe1b8102e1c", "gpetr12@freeuni.edu.ge", "Songbird", "Giorgi", NULL, '1994-01-24', "male", "Georgia", "3ce80d79352fbd03df1eb755cfde3b664caa17b8.jpg", "gio777333x", NULL, NULL);
-- Adding 4th user
INSERT INTO Accounts VALUES("slutandthefalcon", "6b62aec842c7075940341ea166a90113a5f48619", "falcon@edu.ge", "Kunt", "Slut", "Falcone", '1994-01-01', "female", "Georgia", NULL, NULL, NULL, NULL);
-- Adding 5th user
INSERT INTO Accounts VALUES("george", "9fd8de5fc2a7c2c0d469b2fff1afde4e5def37ba", "fancy@uk.co.uk", "Georgey", "George", "Smith", '1994-02-02', "male", "United Kingdom", NULL, NULL, NULL, NULL);
-- Adding 6th user
INSERT INTO Accounts VALUES("alex", "60c6d277a8bd81de7fdde19201bf9c58a3df08f4", "generic@generic.com", "Alex", "Somename2", "Somedewd2", '1994-03-03', "male", "USA", NULL, NULL, NULL, NULL);
-- Adding 7th user
INSERT INTO Accounts VALUES("rusty", "df9728c9e5104131c08c7adb03af425394842596", "maximus@coli.it", "Rusty", "Russel", "Crowe", '1964-04-07', "male", "New Zealand", NULL, NULL, NULL, NULL);
-- Adding 8th user
INSERT INTO Accounts VALUES("marion", "af15ed551030904fae323c5e9792b0f3d77154c2", "bitch@los.org", "Talia Al Ghul (تاليا الغول‎)", "Marion", "Cotillard", '1975-09-30', "female", "Canada", "7d2e006be3b9bbf9b44f98975ec0dc87b4d69563.jpg", NULL, NULL, NULL);
-- Adding 9th user
INSERT INTO Accounts VALUES("hugh", "a6c5230a10c458028ff1bd5985dd47c394028d47", "hugh@xmen.edu.com", "Logan", "Hugh", "Jackman", '1968-10-12', "male", "Australia", "19c372240645979bf27a8f4662b3441544e5f3cf.jpg", NULL, NULL, NULL);
-- Adding 10th user
INSERT INTO Accounts VALUES("hattori", "ed256594e8b90f8922f5ecbc055eec313e4b24c4", "katana@edu.jp", "服部 半蔵", "Hattori", "Masanari", '1596-12-23', "male", "Japan", NULL, NULL, NULL, NULL);
-- Adding 11th user
INSERT INTO Accounts VALUES("bjork", "0792841cf516df0d044d64ffa18e0cdac5213ba6", "bjork@bjork.bjork", "Björk", "Björk", "Guðmundsdóttir", '1965-11-21', "female", "Iceland", NULL, NULL, NULL, NULL);
-- Adding 12th user
INSERT INTO Accounts VALUES("hans", "8800578b51f022c8d8adb9606a8b3db4fedbdac6", "schlussel@hans.ger", "Kuntz", "Sehr", "Gut", '1980-09-09', "male", "Germany", "a684e0cc229ab03297d6e23b99a90a3d64e0a1c7.jpg", NULL, NULL, NULL);

-- Setting some users as administrators
INSERT INTO Admins VALUES("anano");
INSERT INTO Admins VALUES("vano");
INSERT INTO Admins VALUES("gati3478");

-- Banning (some) user(s)
INSERT INTO BannedAccounts VALUES("hugh");

-- Adding 1st Review
INSERT INTO Reviews VALUES("anano", 1, 87, "Carmageddon II: Carpocalypse Now anano's review", NOW());
-- Adding 2nd Review
INSERT INTO Reviews VALUES("vano", 1, 84, "Carmageddon II: Carpocalypse Now vano's review", NOW());
-- Adding 3rd Review
INSERT INTO Reviews VALUES("gati3478", 1, 81, "Carmageddon II: Carpocalypse Now gati3478's review", NOW());
-- Adding 4th Review
INSERT INTO Reviews VALUES("slutandthefalcon", 1, 70, "Carmageddon II: Carpocalypse Now slutandthefalcon's review", NOW());
-- Adding 5th Review
INSERT INTO Reviews VALUES("anano", 2, 90, "Half-Life anano's review", NOW());
-- Adding 6th Review
INSERT INTO Reviews VALUES("vano", 2, 91, "Half-Life vano's review", NOW());
-- Adding 7th Review
INSERT INTO Reviews VALUES("gati3478", 2, 80, "Half-Life gati3478's review", NOW());
-- Adding 8th Review
INSERT INTO Reviews VALUES("slutandthefalcon", 2, 67, "Half-Life slutandthefalcon's review", NOW());
-- Adding 9th Review
INSERT INTO Reviews VALUES("anano", 3, 80, "System Shock 2 anano's review", NOW());
-- Adding 10th Review
INSERT INTO Reviews VALUES("vano", 3, 78, "System Shock 2 vano's review", NOW());
-- Adding 11th Review
INSERT INTO Reviews VALUES("gati3478", 3, 100, "System Shock 2 gati3478's review", NOW());
-- Adding 12th Review
INSERT INTO Reviews VALUES("slutandthefalcon", 3, 40, "System Shock 2 slutandthefalcon's review", NOW());
-- Adding 13th Review
INSERT INTO Reviews VALUES("anano", 4, 90, "Machinarium anano's review", NOW());
-- Adding 14th Review
INSERT INTO Reviews VALUES("vano", 4, 70, "Machinarium vano's review", NOW());
-- Adding 15th Review
INSERT INTO Reviews VALUES("gati3478", 4, 100, "Machinarium gati3478's review", NOW());
-- Adding 16th Review
INSERT INTO Reviews VALUES("slutandthefalcon", 4, 40, "Machinarium slutandthefalcon's review", NOW());
-- Adding 17th Review
INSERT INTO Reviews VALUES("anano", 5, 70, "Mass Effect 3 anano's review", NOW());
-- Adding 18th Review
INSERT INTO Reviews VALUES("vano", 5, 78, "Mass Effect 3 vano's review", NOW());
-- Adding 19th Review
INSERT INTO Reviews VALUES("gati3478", 5, 100, "Mass Effect 3 gati3478's review", NOW());
-- Adding 20th Review
INSERT INTO Reviews VALUES("slutandthefalcon", 5, 87, "Mass Effect 3 slutandthefalcon's review", NOW());
-- Adding 21st Review
INSERT INTO Reviews VALUES("anano", 6, 60, "Metro 2033 anano's review", NOW());
-- Adding 22nd Review
INSERT INTO Reviews VALUES("vano", 6, 80, "Metro 2033 vano's review", NOW());
-- Adding 23rd Review
INSERT INTO Reviews VALUES("gati3478", 6, 90, "Metro 2033 gati3478's review", NOW());
-- Adding 24th Review
INSERT INTO Reviews VALUES("slutandthefalcon", 6, 79, "Metro 2033 slutandthefalcon's review", NOW());

-- Adding 1st Entry
INSERT INTO Entries VALUES(1, "anano", 1, 3, NULL, NULL, "PC/Windows", NOW());
-- Adding 2nd Entry
INSERT INTO Entries VALUES(2, "vano", 1, 3, NULL, 30, "PC/Windows", NOW());
-- Adding 3rd Entry
INSERT INTO Entries VALUES(3, "gati3478", 1, NULL, NULL, 40, "PC/Windows", NOW());
-- Adding 4th Entry
INSERT INTO Entries VALUES(4, "slutandthefalcon", 1, 5, NULL, NULL, "PC/Windows", NOW());
-- Adding 5th Entry
INSERT INTO Entries VALUES(5, "anano", 2, 12, NULL, 19, "PlayStation 2", NOW());
-- Adding 6th Entry
INSERT INTO Entries VALUES(6, "vano", 2, 10, NULL, 18, "PC/Windows", NOW());
-- Adding 7th Entry
INSERT INTO Entries VALUES(7, "gati3478", 2, NULL, NULL, 20, "PC/Windows", NOW());
-- Adding 8th Entry
INSERT INTO Entries VALUES(8, "slutandthefalcon", 2, 14, NULL, NULL, "PC/Windows", NOW());
-- Adding 9th Entry
INSERT INTO Entries VALUES(9, "anano", 3, 13, 17, NULL, "PC/Windows", NOW());
-- Adding 10th Entry
INSERT INTO Entries VALUES(10, "vano", 3, 12, 18, NULL, "PC/Windows", NOW());
-- Adding 11th Entry
INSERT INTO Entries VALUES(11, "gati3478", 3, 14, NULL, 28, "PC/Windows", NOW());
-- Adding 12th Entry
INSERT INTO Entries VALUES(12, "slutandthefalcon", 3, NULL, 20, NULL, "PC/Windows", NOW());
-- Adding 13th Entry
INSERT INTO Entries VALUES(13, "anano", 4, 6, 6, 6, "PC/Windows", NOW());
-- Adding 14th Entry
INSERT INTO Entries VALUES(14, "vano", 4, 5, 5, 5, "PC/Windows", NOW());
-- Adding 15th Entry
INSERT INTO Entries VALUES(15, "gati3478", 4, 4, 4, 4, "iOS", NOW());
-- Adding 16th Entry
INSERT INTO Entries VALUES(16, "slutandthefalcon", 8, 6, NULL, NULL, "PC/Windows", NOW());
-- Adding 17th Entry
INSERT INTO Entries VALUES(17, "anano", 5, 15, NULL, NULL, "Xbox 360", NOW());
-- Adding 18th Entry
INSERT INTO Entries VALUES(18, "vano", 5, 10, NULL, NULL, "PlayStation 3", NOW());
-- Adding 19th Entry
INSERT INTO Entries VALUES(19, "gati3478", 5, NULL, 40, 60, "PC/Windows", NOW());
-- Adding 20th Entry
INSERT INTO Entries VALUES(20, "slutandthefalcon", 5, 20, 30, NULL, "PC/Windows", NOW());
-- Adding 21st Entry
INSERT INTO Entries VALUES(21, "anano", 6, 10, NULL, NULL, "PC/Windows", NOW());
-- Adding 22nd Entry
INSERT INTO Entries VALUES(22, "vano", 6, 9, NULL, NULL, "Xbox 360", NOW());
-- Adding 23rd Entry
INSERT INTO Entries VALUES(23, "gati3478", 7, NULL, 23, NULL, "PC/Windows", NOW());
-- Adding 24th Entry
INSERT INTO Entries VALUES(24, "slutandthefalcon", 7, 11, 20, 30, "PC/Windows", NOW());
